{"camera": "camera2", "lbd": [440.0, 450.0, 460.0, 470.0, 480.0, 490.0, 500.0, 510.0, 520.0, 530.0, 540.0, 550.0, 560.0, 570.0, 580.0, 590.0, 600.0, 610.0, 620.0, 630.0, 640.0, 650.0, 660.0, 670.0, 680.0, 690.0, 700.0, 710.0, 720.0], "spectrum": [0.05318591964672633, 0.08334119808369995, 0.13360631531307432, 0.19612792228808837, 0.22446902013476888, 0.2988046782963935, 0.34000274065997327, 0.4073013100531682, 0.47276658288604967, 0.5664614547180445, 0.636887622850851, 0.6820634939082245, 0.711054998991468, 0.7548964706599598, 0.7917132683406957, 0.8546259789654225, 0.9166572330397512, 0.9279766112919167, 0.9317378306662184, 0.9559960322857091, 0.9352744762605741, 0.9275986873475007, 0.974864254356978, 0.9977428057002148, 0.8826027989242635, 0.656278964397877, 0.3950977189633873, 0.21164105410860978, 0.0851575086688683]}