{"camera": "camera1", "lbd": [440.0, 450.0, 460.0, 470.0, 480.0, 490.0, 500.0, 510.0, 520.0, 530.0, 540.0, 550.0, 560.0, 570.0, 580.0, 590.0, 600.0, 610.0, 620.0, 630.0, 640.0, 650.0, 660.0, 670.0, 680.0, 690.0, 700.0, 710.0, 720.0], "spectrum": [0.03290159788914465, 0.06395194087451272, 0.12319145099931349, 0.20450801411874384, 0.24556896153671073, 0.36232825031254057, 0.4170996637820905, 0.5144908084192801, 0.5946566603248961, 0.6964980770664922, 0.7639069534527385, 0.8002845978875703, 0.8188964296787675, 0.8569779326149221, 0.8792682906920352, 0.9306545668765644, 0.9995893482827152, 0.9766070341419214, 0.9488653598505485, 0.9566628842435426, 0.8973359613639108, 0.8566727688092897, 0.8775471835679806, 0.8748311661784642, 0.7435875440871019, 0.5137793504496793, 0.27109389202508943, 0.1245838156885104, 0.03723870824486684]}