{
          "n0": 1.0,
          "n1": 1.4,
          "g": 0.8,
          "Ct": 5.9999999999999995e-05,
          "SO2": 0.8,
          "pH2O": 0,
          "a": 24,
          "b": 1.6,
          "LBD": [
                    410.2,
                    413.6,
                    417.0,
                    420.4,
                    423.8,
                    427.2,
                    430.6,
                    434.0,
                    437.4,
                    440.8,
                    444.2,
                    447.6,
                    451.0,
                    454.4,
                    457.8,
                    461.2,
                    464.6,
                    468.0,
                    471.4,
                    474.8,
                    478.2,
                    481.6,
                    485.0,
                    488.4,
                    491.8,
                    495.2,
                    498.6,
                    502.0,
                    505.4,
                    508.8,
                    512.2,
                    515.6,
                    519.0,
                    522.4,
                    525.8,
                    529.2,
                    532.6,
                    536.0,
                    539.4,
                    542.8,
                    546.2,
                    549.6,
                    553.0,
                    556.4,
                    559.8,
                    563.2,
                    566.6,
                    570.0,
                    573.4,
                    576.8,
                    580.2,
                    583.6,
                    587.0,
                    590.4,
                    593.8,
                    597.2,
                    600.6,
                    604.0,
                    607.4,
                    610.8,
                    614.2,
                    617.6,
                    621.0,
                    624.4,
                    627.8,
                    631.2,
                    634.6,
                    638.0,
                    641.4,
                    644.8,
                    648.2,
                    651.6,
                    655.0,
                    658.4,
                    661.8,
                    665.2,
                    668.5999999999999,
                    672.0,
                    675.4,
                    678.8,
                    682.2,
                    685.5999999999999,
                    689.0,
                    692.4,
                    695.8,
                    699.2,
                    702.5999999999999,
                    706.0,
                    709.4,
                    712.8,
                    716.2,
                    719.5999999999999,
                    723.0,
                    726.4,
                    729.8
          ],
          "D": [
                    0.10232083174245121,
                    0.08798964445402836,
                    0.07963576877663259,
                    0.08822449882147754,
                    0.10080062364022431,
                    0.12796719893990247,
                    0.1509488593089207,
                    0.19474861589467254,
                    0.23264669765023993,
                    0.31140942505622177,
                    0.40137310739302534,
                    0.5141777756060694,
                    0.6433823376959517,
                    0.7786925763331153,
                    0.8767507418150362,
                    0.9779598894801216,
                    1.089924826790829,
                    1.2043136124802463,
                    1.2908422500502257,
                    1.387461177116218,
                    1.4368854100664161,
                    1.482873257348213,
                    1.4944436723227539,
                    1.5519837670138645,
                    1.5509864955168173,
                    1.614248319528473,
                    1.6283026696457163,
                    1.6226891458542925,
                    1.5818239587802674,
                    1.5296159497969704,
                    1.5287286296092577,
                    1.4818708957287894,
                    1.4182219433957317,
                    1.321521124869275,
                    1.2874552599452047,
                    1.0892161645976688,
                    0.949457636290108,
                    0.860531585696204,
                    0.8169068086161261,
                    0.8036863997245679,
                    0.8535501688713347,
                    0.938293643230039,
                    1.0135927183048765,
                    1.0789501812430802,
                    1.0906023056404086,
                    1.0821368623016527,
                    1.026965965433202,
                    0.955411901157383,
                    0.9278365444582848,
                    0.9279110452720467,
                    1.0495353725324286,
                    1.3376906740338823,
                    1.7589530782692444,
                    2.300568882067682,
                    2.9950601653899396,
                    3.77347126553257,
                    4.599580894795869,
                    5.421450093246034,
                    6.265667396508665,
                    6.974981520976759,
                    7.699336573916033,
                    8.222319031135529,
                    8.673854947710296,
                    9.243932407907316,
                    9.774263737089903,
                    10.190193747858917,
                    10.89649858432906,
                    11.53177641801156,
                    12.336036528560951,
                    12.793913428108329,
                    13.149262534236282,
                    13.3651445697558,
                    13.884415550969104,
                    13.748418309802725,
                    14.035497603273955,
                    14.588436487918397,
                    15.597631823774439,
                    16.52729495869872,
                    17.084466362123564,
                    17.755466944348548,
                    18.670694563656177,
                    18.579716492967883,
                    18.10766241566875,
                    18.089427716240277,
                    17.942356094118125,
                    17.871331436447925,
                    18.200626934742274,
                    18.813835385861267,
                    19.58726528488705,
                    20.17281619632838,
                    20.60735081866348,
                    20.374357402046297,
                    20.62806275680912,
                    20.561790981897445,
                    20.738523325219663
          ]
}